{
  "gizmos-infos": {
    "is2D": true,
    "is3DIcon": false,
    "iconSize": 2,
    "gridVisible": true,
    "gridColor": [
      170,
      170,
      170,
      255
    ],
    "transformToolName": "position",
    "pivot": "pivot",
    "coordinate": "local",
    "toolsVisibility3d": true
  },
  "__version__": "1.0.0",
  "builder": {},
  "snap-configs": {
    "position": {
      "x": 100,
      "y": 100,
      "z": 100
    },
    "rotation": 100,
    "scale": 1,
    "isPositionSnapEnabled": false,
    "isRotationSnapEnabled": false,
    "isScaleSnapEnabled": false
  },
  "rect-snap-configs": {
    "enableSnapping": true,
    "snapThreshold": 4
  },
  "camera-infos": {
    "73d182a9-1b3d-4c89-bf13-bc7dee59abc3": {
      "position": {
        "x": 609.8878099440872,
        "y": 389.06529111152463,
        "z": 5000
      },
      "rotation": {
        "x": 0,
        "y": 0,
        "z": 0,
        "w": 1
      },
      "viewCenter": {
        "x": 674.1160986285867,
        "y": 361.6497145812796,
        "z": 970.1923671090414
      },
      "contentRect": {
        "x": -177.52694635806483,
        "y": -136.13049918432836,
        "width": 1024.007215007215,
        "height": 683
      },
      "scale": 0.6502336962899615
    },
    "5f3bbff2-92b3-4683-a61b-17a822fa7ecb": {
      "position": {
        "x": 377.1987896624496,
        "y": 235.98677218585198,
        "z": 5000
      },
      "rotation": {
        "x": 0,
        "y": 0,
        "z": 0,
        "w": 1
      },
      "viewCenter": {
        "x": 674.1160986285867,
        "y": 361.6497145812796,
        "z": 970.1923671090414
      },
      "contentRect": {
        "x": 344.25514897174673,
        "y": 206.33749556421935,
        "width": 40,
        "height": 36
      },
      "scale": 0.6070974421975234
    },
    "6d74dc04-043d-405e-af1d-0bf01bb59666": {
      "position": {
        "x": 645.5,
        "y": 88.59375,
        "z": 5000
      },
      "rotation": {
        "x": 0,
        "y": 0,
        "z": 0,
        "w": 1
      },
      "viewCenter": {
        "x": 674.1160986285867,
        "y": 361.6497145812796,
        "z": 970.1923671090414
      },
      "contentRect": {
        "x": 131,
        "y": -200.8125,
        "width": 40,
        "height": 36
      },
      "scale": 1
    },
    "b7bf87df-3991-4002-b197-e7dec21ff8a6": {
      "position": {
        "x": 145.5,
        "y": 88.59375,
        "z": 5000
      },
      "rotation": {
        "x": 0,
        "y": 0,
        "z": 0,
        "w": 1
      },
      "viewCenter": {
        "x": 674.1160986285867,
        "y": 361.6497145812796,
        "z": 970.1923671090414
      },
      "contentRect": {
        "x": -369,
        "y": -200.8125,
        "width": 40,
        "height": 36
      },
      "scale": 1
    },
    "b82d20f3-3c79-4380-a39a-caf41b888bc5": {
      "position": {
        "x": 1023.8770041869402,
        "y": 482.29717411121237,
        "z": 5000
      },
      "rotation": {
        "x": 0,
        "y": 0,
        "z": 0,
        "w": 1
      },
      "viewCenter": {
        "x": 0,
        "y": 0,
        "z": 0
      },
      "contentRect": {
        "x": 1023.8770041869402,
        "y": 482.29717411121237,
        "width": 1097,
        "height": 617.0625
      },
      "scale": 0.5713541666666667
    },
    "5649fd23-c2e7-4c96-a9ae-4ea68b111b31": {
      "position": {
        "x": 959.9999999999999,
        "y": 540,
        "z": 5000
      },
      "rotation": {
        "x": 0,
        "y": 0,
        "z": 0,
        "w": 1
      },
      "viewCenter": {
        "x": 0,
        "y": 0,
        "z": 0
      },
      "contentRect": {
        "x": 0,
        "y": 0,
        "width": 1097,
        "height": 617.0625
      },
      "scale": 0.5713541666666667
    },
    "9b573c68-c8de-499c-b668-6727f4eae84b": {
      "position": {
        "x": 0,
        "y": 0,
        "z": 5000
      },
      "rotation": {
        "x": 0,
        "y": 0,
        "z": 0,
        "w": 1
      },
      "viewCenter": {
        "x": 0,
        "y": 0,
        "z": 0
      },
      "contentRect": {
        "x": -548.5,
        "y": -308.53125,
        "width": 0,
        "height": 0
      },
      "scale": 1
    },
    "4ea7f039-fc2a-43e5-a511-aa5afe9fb58c": {
      "position": {
        "x": 1017.3337709783538,
        "y": 663.8264890334656,
        "z": 5000
      },
      "rotation": {
        "x": 0,
        "y": 0,
        "z": 0,
        "w": 1
      },
      "viewCenter": {
        "x": 0,
        "y": 0,
        "z": 0
      },
      "contentRect": {
        "x": 993.9922613925911,
        "y": 638.1508284891266,
        "width": 1024.992784992785,
        "height": 683
      },
      "scale": 1.0710532627782066
    },
    "28038c5e-e3d9-48f2-aeb1-0a329590bfb7": {
      "position": {
        "x": 1532.2638665918646,
        "y": 974.2850756705063,
        "z": 5000
      },
      "rotation": {
        "x": 0,
        "y": 0,
        "z": 0,
        "w": 1
      },
      "viewCenter": {
        "x": 0,
        "y": 0,
        "z": 0
      },
      "contentRect": {
        "x": 1429.4524839262579,
        "y": 861.1925547383388,
        "width": 50,
        "height": 55
      },
      "scale": 0.24316373685307105
    },
    "e7792686-f4bf-4449-b735-73b07649907f": {
      "position": {
        "x": 538.9999999999999,
        "y": 327,
        "z": 5000
      },
      "rotation": {
        "x": 0,
        "y": 0,
        "z": 0,
        "w": 1
      },
      "viewCenter": {
        "x": 0,
        "y": 0,
        "z": 0
      },
      "contentRect": {
        "x": 0,
        "y": 0,
        "width": 1061.5168195718654,
        "height": 644
      },
      "scale": 0.9847094801223242
    },
    "c77ecaa8-c936-46c4-a5b0-98692673ed87": {
      "position": {
        "x": 960,
        "y": 540.0000000000001,
        "z": 5000
      },
      "rotation": {
        "x": 0,
        "y": 0,
        "z": 0,
        "w": 1
      },
      "viewCenter": {
        "x": 0,
        "y": 0,
        "z": 0
      },
      "contentRect": {
        "x": 4.913360693114441,
        "y": -60.833333333333336,
        "width": 1152,
        "height": 648
      },
      "scale": 0.6
    },
    "ef6e1436-7069-45ab-bd8f-5ccc3b44ce48": {
      "position": {
        "x": 580.5,
        "y": 365.5,
        "z": 5000
      },
      "rotation": {
        "x": 0,
        "y": 0,
        "z": 0,
        "w": 1
      },
      "viewCenter": {
        "x": 0,
        "y": 0,
        "z": 0
      },
      "contentRect": {
        "x": 0,
        "y": 0,
        "width": 1145.1176470588234,
        "height": 721
      },
      "scale": 0.9863201094391245
    }
  },
  "camera-uuids": [
    "73d182a9-1b3d-4c89-bf13-bc7dee59abc3",
    "5f3bbff2-92b3-4683-a61b-17a822fa7ecb",
    "6d74dc04-043d-405e-af1d-0bf01bb59666",
    "b7bf87df-3991-4002-b197-e7dec21ff8a6",
    "b82d20f3-3c79-4380-a39a-caf41b888bc5",
    "5649fd23-c2e7-4c96-a9ae-4ea68b111b31",
    "9b573c68-c8de-499c-b668-6727f4eae84b",
    "4ea7f039-fc2a-43e5-a511-aa5afe9fb58c",
    "28038c5e-e3d9-48f2-aeb1-0a329590bfb7",
    "e7792686-f4bf-4449-b735-73b07649907f",
    "c77ecaa8-c936-46c4-a5b0-98692673ed87",
    "ef6e1436-7069-45ab-bd8f-5ccc3b44ce48"
  ],
  "camera": {
    "color": [
      48,
      48,
      48,
      255
    ],
    "fov": 45,
    "far": 10000,
    "near": 0.01,
    "wheelSpeed": 0.01,
    "wanderSpeed": 10,
    "enableAcceleration": true,
    "size": "__default_design__",
    "far2D": 10000,
    "near2D": 6,
    "wheelSpeed2D": 6,
    "iso": 0,
    "aperture": 19,
    "shutter": 7
  },
  "float-window": {
    "position": {
      "cc": {
        "Camera": {
          "dock": false,
          "top": null,
          "bottom": 10,
          "left": null,
          "right": 10
        }
      }
    }
  },
  "scene_view": {
    "isSceneLightOn": true,
    "output_device": "__default_design__"
  },
  "game-view": {
    "scaleValue": 100,
    "sliderValue": 50,
    "fullScreen": false,